<?xml version="1.0" encoding="UTF-8"?>
<export version="D">
  <design>
    <source>C:/Users/pcm/OneDrive/Projects/Switch v2/KiCAD-SD/SwitchR.sch</source>
    <date>24.03.2018 16:53:52</date>
    <tool>Eeschema 4.0.7</tool>
    <sheet number="1" name="/" tstamps="/">
      <title_block>
        <title/>
        <company/>
        <rev/>
        <date/>
        <source>SwitchR.sch</source>
        <comment number="1" value=""/>
        <comment number="2" value=""/>
        <comment number="3" value=""/>
        <comment number="4" value=""/>
      </title_block>
    </sheet>
  </design>
  <components>
    <comp ref="Y1">
      <value>16MHz</value>
      <footprint>Crystals:Crystal_HC49-4H_Vertical</footprint>
      <libsource lib="device" part="Crystal"/>
      <sheetpath names="/" tstamps="/"/>
      <tstamp>5AAD7B89</tstamp>
    </comp>
    <comp ref="ISP1">
      <value>AVR-ISP-6</value>
      <footprint>Custom:AVR-ISP-6-TH</footprint>
      <libsource lib="atmel" part="AVR-ISP-6"/>
      <sheetpath names="/" tstamps="/"/>
      <tstamp>5AAD7C7C</tstamp>
    </comp>
    <comp ref="B1">
      <value>TL3300DF160Q</value>
      <footprint>Custom:TL3300</footprint>
      <libsource lib="switches" part="SW_Push_Dual"/>
      <sheetpath names="/" tstamps="/"/>
      <tstamp>5AAD7CD3</tstamp>
    </comp>
    <comp ref="SC1R1">
      <value>10k</value>
      <footprint>Resistors_SMD:R_0805_HandSoldering</footprint>
      <libsource lib="device" part="R"/>
      <sheetpath names="/" tstamps="/"/>
      <tstamp>5AAD8553</tstamp>
    </comp>
    <comp ref="SC1C1">
      <value>10 uF</value>
      <footprint>Capacitors_SMD:C_0805_HandSoldering</footprint>
      <libsource lib="device" part="C"/>
      <sheetpath names="/" tstamps="/"/>
      <tstamp>5AAD85D6</tstamp>
    </comp>
    <comp ref="SC1C2">
      <value>10 uF</value>
      <footprint>Capacitors_SMD:C_0805_HandSoldering</footprint>
      <libsource lib="device" part="C"/>
      <sheetpath names="/" tstamps="/"/>
      <tstamp>5AAD8F52</tstamp>
    </comp>
    <comp ref="SC1R2">
      <value>10k</value>
      <footprint>Resistors_SMD:R_0805_HandSoldering</footprint>
      <libsource lib="device" part="R"/>
      <sheetpath names="/" tstamps="/"/>
      <tstamp>5AAD9052</tstamp>
    </comp>
    <comp ref="SW1">
      <value>CBT3244AD</value>
      <footprint>Housings_SOIC:SOIC-20W_7.5x12.8mm_Pitch1.27mm</footprint>
      <libsource lib="Custom" part="CBT3244AD"/>
      <sheetpath names="/" tstamps="/"/>
      <tstamp>5AAD98B8</tstamp>
    </comp>
    <comp ref="SC1">
      <value>SCART INPUT 1</value>
      <footprint>Custom:SCART_FEMALE</footprint>
      <libsource lib="conn" part="SCART-F"/>
      <sheetpath names="/" tstamps="/"/>
      <tstamp>5AAD9DB6</tstamp>
    </comp>
    <comp ref="SC1R3">
      <value>10k</value>
      <footprint>Resistors_SMD:R_0805_HandSoldering</footprint>
      <libsource lib="device" part="R"/>
      <sheetpath names="/" tstamps="/"/>
      <tstamp>5AADC2AC</tstamp>
    </comp>
    <comp ref="V2R1">
      <value>1k</value>
      <footprint>Resistors_SMD:R_0805_HandSoldering</footprint>
      <libsource lib="device" part="R"/>
      <sheetpath names="/" tstamps="/"/>
      <tstamp>5AADCE55</tstamp>
    </comp>
    <comp ref="V2C1">
      <value>0.1 uF</value>
      <footprint>Capacitors_SMD:C_0805_HandSoldering</footprint>
      <libsource lib="device" part="C"/>
      <sheetpath names="/" tstamps="/"/>
      <tstamp>5AADCED0</tstamp>
    </comp>
    <comp ref="V2R2">
      <value>1k</value>
      <footprint>Resistors_SMD:R_0805_HandSoldering</footprint>
      <libsource lib="device" part="R"/>
      <sheetpath names="/" tstamps="/"/>
      <tstamp>5AADD163</tstamp>
    </comp>
    <comp ref="SC2R1">
      <value>10k</value>
      <footprint>Resistors_SMD:R_0805_HandSoldering</footprint>
      <libsource lib="device" part="R"/>
      <sheetpath names="/" tstamps="/"/>
      <tstamp>5AADEDF6</tstamp>
    </comp>
    <comp ref="SC2C1">
      <value>10 uF</value>
      <footprint>Capacitors_SMD:C_0805_HandSoldering</footprint>
      <libsource lib="device" part="C"/>
      <sheetpath names="/" tstamps="/"/>
      <tstamp>5AADEDFC</tstamp>
    </comp>
    <comp ref="SC2C2">
      <value>10 uF</value>
      <footprint>Capacitors_SMD:C_0805_HandSoldering</footprint>
      <libsource lib="device" part="C"/>
      <sheetpath names="/" tstamps="/"/>
      <tstamp>5AADEE02</tstamp>
    </comp>
    <comp ref="SC2R2">
      <value>10k</value>
      <footprint>Resistors_SMD:R_0805_HandSoldering</footprint>
      <libsource lib="device" part="R"/>
      <sheetpath names="/" tstamps="/"/>
      <tstamp>5AADEE08</tstamp>
    </comp>
    <comp ref="SW2">
      <value>CBT3244AD</value>
      <footprint>Housings_SOIC:SOIC-20W_7.5x12.8mm_Pitch1.27mm</footprint>
      <libsource lib="Custom" part="CBT3244AD"/>
      <sheetpath names="/" tstamps="/"/>
      <tstamp>5AADEE0E</tstamp>
    </comp>
    <comp ref="SC2">
      <value>SCART INPUT 2</value>
      <footprint>Custom:SCART_FEMALE</footprint>
      <libsource lib="conn" part="SCART-F"/>
      <sheetpath names="/" tstamps="/"/>
      <tstamp>5AADEE14</tstamp>
    </comp>
    <comp ref="SC2R3">
      <value>10k</value>
      <footprint>Resistors_SMD:R_0805_HandSoldering</footprint>
      <libsource lib="device" part="R"/>
      <sheetpath names="/" tstamps="/"/>
      <tstamp>5AADEE29</tstamp>
    </comp>
    <comp ref="SC3R1">
      <value>10k</value>
      <footprint>Resistors_SMD:R_0805_HandSoldering</footprint>
      <libsource lib="device" part="R"/>
      <sheetpath names="/" tstamps="/"/>
      <tstamp>5AAE1660</tstamp>
    </comp>
    <comp ref="SC3C1">
      <value>10 uF</value>
      <footprint>Capacitors_SMD:C_0805_HandSoldering</footprint>
      <libsource lib="device" part="C"/>
      <sheetpath names="/" tstamps="/"/>
      <tstamp>5AAE1666</tstamp>
    </comp>
    <comp ref="SC3C2">
      <value>10 uF</value>
      <footprint>Capacitors_SMD:C_0805_HandSoldering</footprint>
      <libsource lib="device" part="C"/>
      <sheetpath names="/" tstamps="/"/>
      <tstamp>5AAE166C</tstamp>
    </comp>
    <comp ref="SC3R2">
      <value>10k</value>
      <footprint>Resistors_SMD:R_0805_HandSoldering</footprint>
      <libsource lib="device" part="R"/>
      <sheetpath names="/" tstamps="/"/>
      <tstamp>5AAE1672</tstamp>
    </comp>
    <comp ref="SW3">
      <value>CBT3244AD</value>
      <footprint>Housings_SOIC:SOIC-20W_7.5x12.8mm_Pitch1.27mm</footprint>
      <libsource lib="Custom" part="CBT3244AD"/>
      <sheetpath names="/" tstamps="/"/>
      <tstamp>5AAE1678</tstamp>
    </comp>
    <comp ref="SC3">
      <value>SCART INPUT 3</value>
      <footprint>Custom:SCART_FEMALE</footprint>
      <libsource lib="conn" part="SCART-F"/>
      <sheetpath names="/" tstamps="/"/>
      <tstamp>5AAE167E</tstamp>
    </comp>
    <comp ref="SC3R3">
      <value>10k</value>
      <footprint>Resistors_SMD:R_0805_HandSoldering</footprint>
      <libsource lib="device" part="R"/>
      <sheetpath names="/" tstamps="/"/>
      <tstamp>5AAE1693</tstamp>
    </comp>
    <comp ref="SC4R1">
      <value>10k</value>
      <footprint>Resistors_SMD:R_0805_HandSoldering</footprint>
      <libsource lib="device" part="R"/>
      <sheetpath names="/" tstamps="/"/>
      <tstamp>5AAE16CF</tstamp>
    </comp>
    <comp ref="SC4C1">
      <value>10 uF</value>
      <footprint>Capacitors_SMD:C_0805_HandSoldering</footprint>
      <libsource lib="device" part="C"/>
      <sheetpath names="/" tstamps="/"/>
      <tstamp>5AAE16D5</tstamp>
    </comp>
    <comp ref="SC4C2">
      <value>10 uF</value>
      <footprint>Capacitors_SMD:C_0805_HandSoldering</footprint>
      <libsource lib="device" part="C"/>
      <sheetpath names="/" tstamps="/"/>
      <tstamp>5AAE16DB</tstamp>
    </comp>
    <comp ref="SC4R2">
      <value>10k</value>
      <footprint>Resistors_SMD:R_0805_HandSoldering</footprint>
      <libsource lib="device" part="R"/>
      <sheetpath names="/" tstamps="/"/>
      <tstamp>5AAE16E1</tstamp>
    </comp>
    <comp ref="SW4">
      <value>CBT3244AD</value>
      <footprint>Housings_SOIC:SOIC-20W_7.5x12.8mm_Pitch1.27mm</footprint>
      <libsource lib="Custom" part="CBT3244AD"/>
      <sheetpath names="/" tstamps="/"/>
      <tstamp>5AAE16E7</tstamp>
    </comp>
    <comp ref="SC4">
      <value>SCART INPUT 4</value>
      <footprint>Custom:SCART_FEMALE</footprint>
      <libsource lib="conn" part="SCART-F"/>
      <sheetpath names="/" tstamps="/"/>
      <tstamp>5AAE16ED</tstamp>
    </comp>
    <comp ref="SC4R3">
      <value>10k</value>
      <footprint>Resistors_SMD:R_0805_HandSoldering</footprint>
      <libsource lib="device" part="R"/>
      <sheetpath names="/" tstamps="/"/>
      <tstamp>5AAE1702</tstamp>
    </comp>
    <comp ref="SC5">
      <value>SCART OUTPUT</value>
      <footprint>Custom:SCART_FEMALE</footprint>
      <libsource lib="conn" part="SCART-F"/>
      <sheetpath names="/" tstamps="/"/>
      <tstamp>5AAE2583</tstamp>
    </comp>
    <comp ref="BUS_R_R1">
      <value>1k</value>
      <footprint>Resistors_SMD:R_0805_HandSoldering</footprint>
      <libsource lib="device" part="R"/>
      <sheetpath names="/" tstamps="/"/>
      <tstamp>5AAE3E59</tstamp>
    </comp>
    <comp ref="BUS_R_C1">
      <value>10 uF</value>
      <footprint>Capacitors_SMD:C_0805_HandSoldering</footprint>
      <libsource lib="device" part="C"/>
      <sheetpath names="/" tstamps="/"/>
      <tstamp>5AAE3F19</tstamp>
    </comp>
    <comp ref="BUS_L_R1">
      <value>1k</value>
      <footprint>Resistors_SMD:R_0805_HandSoldering</footprint>
      <libsource lib="device" part="R"/>
      <sheetpath names="/" tstamps="/"/>
      <tstamp>5AAE455D</tstamp>
    </comp>
    <comp ref="BUS_L_C1">
      <value>10 uF</value>
      <footprint>Capacitors_SMD:C_0805_HandSoldering</footprint>
      <libsource lib="device" part="C"/>
      <sheetpath names="/" tstamps="/"/>
      <tstamp>5AAE45F7</tstamp>
    </comp>
    <comp ref="OLED1">
      <value>SH1106_I2C</value>
      <footprint>Custom:1.3_INCH_SH1106_I2C</footprint>
      <libsource lib="Custom" part="SH1106_IIC"/>
      <sheetpath names="/" tstamps="/"/>
      <tstamp>5AAE9B4F</tstamp>
    </comp>
    <comp ref="SC5_R1">
      <value>180</value>
      <footprint>Resistors_SMD:R_0805_HandSoldering</footprint>
      <libsource lib="device" part="R"/>
      <sheetpath names="/" tstamps="/"/>
      <tstamp>5AAEA89A</tstamp>
    </comp>
    <comp ref="D1">
      <value>PWR</value>
      <footprint>LEDs:LED_D3.0mm</footprint>
      <libsource lib="device" part="LED"/>
      <sheetpath names="/" tstamps="/"/>
      <tstamp>5AAEE75E</tstamp>
    </comp>
    <comp ref="RESET1">
      <value>RESET</value>
      <footprint>Buttons_Switches_SMD:SW_SPST_FSMSM</footprint>
      <libsource lib="switches" part="SW_Push"/>
      <sheetpath names="/" tstamps="/"/>
      <tstamp>5AAEEC4F</tstamp>
    </comp>
    <comp ref="AVR_R1">
      <value>10k</value>
      <footprint>Resistors_SMD:R_0805_HandSoldering</footprint>
      <libsource lib="device" part="R"/>
      <sheetpath names="/" tstamps="/"/>
      <tstamp>5AAEF378</tstamp>
    </comp>
    <comp ref="AVR_C1">
      <value>22 pF</value>
      <footprint>Capacitors_SMD:C_0603_HandSoldering</footprint>
      <libsource lib="device" part="C"/>
      <sheetpath names="/" tstamps="/"/>
      <tstamp>5AAF484E</tstamp>
    </comp>
    <comp ref="AVR_C2">
      <value>22 pF</value>
      <footprint>Capacitors_SMD:C_0603_HandSoldering</footprint>
      <libsource lib="device" part="C"/>
      <sheetpath names="/" tstamps="/"/>
      <tstamp>5AAF4A9A</tstamp>
    </comp>
    <comp ref="AVR_C3">
      <value>100 nF</value>
      <footprint>Capacitors_SMD:C_0603_HandSoldering</footprint>
      <libsource lib="device" part="C"/>
      <sheetpath names="/" tstamps="/"/>
      <tstamp>5AAF6214</tstamp>
    </comp>
    <comp ref="F1">
      <value>MF-MSM050-2</value>
      <footprint>Resistors_SMD:R_1812_HandSoldering</footprint>
      <libsource lib="device" part="Polyfuse"/>
      <sheetpath names="/" tstamps="/"/>
      <tstamp>5AAF7B99</tstamp>
    </comp>
    <comp ref="PC2">
      <value>100 nF</value>
      <footprint>Capacitors_SMD:C_0603_HandSoldering</footprint>
      <libsource lib="device" part="C"/>
      <sheetpath names="/" tstamps="/"/>
      <tstamp>5AAFA959</tstamp>
    </comp>
    <comp ref="LED_R1">
      <value>1k</value>
      <footprint>Resistors_SMD:R_0805_HandSoldering</footprint>
      <libsource lib="device" part="R"/>
      <sheetpath names="/" tstamps="/"/>
      <tstamp>5AAFD3B4</tstamp>
    </comp>
    <comp ref="U1">
      <value>ATMEGA328P-AU</value>
      <footprint>Housings_QFP:TQFP-32_7x7mm_Pitch0.8mm</footprint>
      <libsource lib="atmel" part="ATMEGA328P-AU"/>
      <sheetpath names="/" tstamps="/"/>
      <tstamp>5AAFF46A</tstamp>
    </comp>
    <comp ref="D2">
      <value>L</value>
      <footprint>LEDs:LED_D3.0mm</footprint>
      <libsource lib="device" part="LED"/>
      <sheetpath names="/" tstamps="/"/>
      <tstamp>5AAF9D5D</tstamp>
    </comp>
    <comp ref="LED_R2">
      <value>1k</value>
      <footprint>Resistors_SMD:R_0805_HandSoldering</footprint>
      <libsource lib="device" part="R"/>
      <sheetpath names="/" tstamps="/"/>
      <tstamp>5AAF9D67</tstamp>
    </comp>
    <comp ref="PC1">
      <value>100 uF 10V</value>
      <footprint>Capacitors_Tantalum_SMD:CP_Tantalum_Case-D_EIA-7343-31_Hand</footprint>
      <libsource lib="device" part="CP"/>
      <sheetpath names="/" tstamps="/"/>
      <tstamp>5AAFA7E4</tstamp>
    </comp>
    <comp ref="B2">
      <value>TL3300DF160Q</value>
      <footprint>Custom:TL3300</footprint>
      <libsource lib="switches" part="SW_Push_Dual"/>
      <sheetpath names="/" tstamps="/"/>
      <tstamp>5AB0532B</tstamp>
    </comp>
    <comp ref="B3">
      <value>TL3300DF160Q</value>
      <footprint>Custom:TL3300</footprint>
      <libsource lib="switches" part="SW_Push_Dual"/>
      <sheetpath names="/" tstamps="/"/>
      <tstamp>5AB053F5</tstamp>
    </comp>
    <comp ref="B4">
      <value>TL3300DF160Q</value>
      <footprint>Custom:TL3300</footprint>
      <libsource lib="switches" part="SW_Push_Dual"/>
      <sheetpath names="/" tstamps="/"/>
      <tstamp>5AB054C2</tstamp>
    </comp>
    <comp ref="B5">
      <value>TL3300DF160Q</value>
      <footprint>Custom:TL3300</footprint>
      <libsource lib="switches" part="SW_Push_Dual"/>
      <sheetpath names="/" tstamps="/"/>
      <tstamp>5AB05592</tstamp>
    </comp>
    <comp ref="B_R1">
      <value>10k</value>
      <footprint>Resistors_SMD:R_0805_HandSoldering</footprint>
      <libsource lib="device" part="R"/>
      <sheetpath names="/" tstamps="/"/>
      <tstamp>5AB1229E</tstamp>
    </comp>
    <comp ref="B_R2">
      <value>10k</value>
      <footprint>Resistors_SMD:R_0805_HandSoldering</footprint>
      <libsource lib="device" part="R"/>
      <sheetpath names="/" tstamps="/"/>
      <tstamp>5AB13CEA</tstamp>
    </comp>
    <comp ref="B_R3">
      <value>10k</value>
      <footprint>Resistors_SMD:R_0805_HandSoldering</footprint>
      <libsource lib="device" part="R"/>
      <sheetpath names="/" tstamps="/"/>
      <tstamp>5AB13F7C</tstamp>
    </comp>
    <comp ref="B_R4">
      <value>10k</value>
      <footprint>Resistors_SMD:R_0805_HandSoldering</footprint>
      <libsource lib="device" part="R"/>
      <sheetpath names="/" tstamps="/"/>
      <tstamp>5AB14043</tstamp>
    </comp>
    <comp ref="B_R5">
      <value>10k</value>
      <footprint>Resistors_SMD:R_0805_HandSoldering</footprint>
      <libsource lib="device" part="R"/>
      <sheetpath names="/" tstamps="/"/>
      <tstamp>5AB140F6</tstamp>
    </comp>
    <comp ref="I2C_R1">
      <value>4.7k</value>
      <footprint>Resistors_SMD:R_0805_HandSoldering</footprint>
      <libsource lib="device" part="R"/>
      <sheetpath names="/" tstamps="/"/>
      <tstamp>5AB1B730</tstamp>
    </comp>
    <comp ref="I2C_R2">
      <value>4.7k</value>
      <footprint>Resistors_SMD:R_0805_HandSoldering</footprint>
      <libsource lib="device" part="R"/>
      <sheetpath names="/" tstamps="/"/>
      <tstamp>5AB1C259</tstamp>
    </comp>
    <comp ref="USB_PWR1">
      <value>MicroUSB</value>
      <footprint>Connectors_USB:USB_Micro-B_Molex_47346-0001</footprint>
      <libsource lib="Custom" part="MicroUSB"/>
      <sheetpath names="/" tstamps="/"/>
      <tstamp>5AB33B84</tstamp>
    </comp>
    <comp ref="PWR_SW1">
      <value>SW_SPDT</value>
      <footprint>Custom:ASW-14-102</footprint>
      <libsource lib="switches" part="SW_SPDT"/>
      <sheetpath names="/" tstamps="/"/>
      <tstamp>5AB3D6F2</tstamp>
    </comp>
    <comp ref="SC1C3">
      <value>100 nF</value>
      <footprint>Capacitors_SMD:C_0603_HandSoldering</footprint>
      <libsource lib="device" part="C"/>
      <sheetpath names="/" tstamps="/"/>
      <tstamp>5AB17E8E</tstamp>
    </comp>
    <comp ref="SC2C3">
      <value>100 nF</value>
      <footprint>Capacitors_SMD:C_0603_HandSoldering</footprint>
      <libsource lib="device" part="C"/>
      <sheetpath names="/" tstamps="/"/>
      <tstamp>5AB19579</tstamp>
    </comp>
    <comp ref="SC3C3">
      <value>100 nF</value>
      <footprint>Capacitors_SMD:C_0603_HandSoldering</footprint>
      <libsource lib="device" part="C"/>
      <sheetpath names="/" tstamps="/"/>
      <tstamp>5AB19FD8</tstamp>
    </comp>
    <comp ref="SC4C3">
      <value>100 nF</value>
      <footprint>Capacitors_SMD:C_0603_HandSoldering</footprint>
      <libsource lib="device" part="C"/>
      <sheetpath names="/" tstamps="/"/>
      <tstamp>5AB1A665</tstamp>
    </comp>
    <comp ref="SD1">
      <value>MAX7461</value>
      <footprint>TO_SOT_Packages_SMD:SOT-23-5</footprint>
      <libsource lib="Custom" part="MAX7461"/>
      <sheetpath names="/" tstamps="/"/>
      <tstamp>5AB2C700</tstamp>
    </comp>
    <comp ref="SD_C1">
      <value>0.1 uF</value>
      <footprint>Capacitors_SMD:C_0805_HandSoldering</footprint>
      <libsource lib="device" part="C"/>
      <sheetpath names="/" tstamps="/"/>
      <tstamp>5AB2D80A</tstamp>
    </comp>
    <comp ref="SD_C2">
      <value>0.1 uF</value>
      <footprint>Capacitors_SMD:C_0805_HandSoldering</footprint>
      <libsource lib="device" part="C"/>
      <sheetpath names="/" tstamps="/"/>
      <tstamp>5AB2DBC0</tstamp>
    </comp>
    <comp ref="SD_R2">
      <value>1k</value>
      <footprint>Resistors_SMD:R_0805_HandSoldering</footprint>
      <libsource lib="device" part="R"/>
      <sheetpath names="/" tstamps="/"/>
      <tstamp>5AB3C6A8</tstamp>
    </comp>
  </components>
  <libparts>
    <libpart lib="atmel" part="ATMEGA168A-AU">
      <aliases>
        <alias>ATMEGA48A-AU</alias>
        <alias>ATMEGA48PA-AU</alias>
        <alias>ATMEGA88A-AU</alias>
        <alias>ATMEGA88PA-AU</alias>
        <alias>ATMEGA168PA-AU</alias>
        <alias>ATMEGA328-AU</alias>
        <alias>ATMEGA328P-AU</alias>
      </aliases>
      <description>TQFP32, 16k Flash, 1kB SRAM, 512B EEPROM</description>
      <docs>http://www.atmel.com/images/atmel-8271-8-bit-avr-microcontroller-atmega48a-48pa-88a-88pa-168a-168pa-328-328p_datasheet.pdf</docs>
      <footprints>
        <fp>TQFP*7x7mm*Pitch0.8mm*</fp>
      </footprints>
      <fields>
        <field name="Reference">U</field>
        <field name="Value">ATMEGA168A-AU</field>
        <field name="Footprint">Housings_QFP:TQFP-32_7x7mm_Pitch0.8mm</field>
      </fields>
      <pins>
        <pin num="1" name="(PCINT19/OC2B/INT1)PD3" type="BiDi"/>
        <pin num="2" name="(PCINT20/XCK/T0)PD4" type="BiDi"/>
        <pin num="3" name="GND" type="power_in"/>
        <pin num="4" name="VCC" type="power_in"/>
        <pin num="5" name="GND" type="power_in"/>
        <pin num="6" name="VCC" type="power_in"/>
        <pin num="7" name="(PCINT6/XTAL1/TOSC1)PB6" type="BiDi"/>
        <pin num="8" name="(PCINT7/XTAL2/TOSC2)PB7" type="BiDi"/>
        <pin num="9" name="(PCINT21/OC0B/T1)PD5" type="BiDi"/>
        <pin num="10" name="(PCINT22/OC0A/AIN0)PD6" type="BiDi"/>
        <pin num="11" name="(PCINT23/AIN1)PD7" type="BiDi"/>
        <pin num="12" name="(PCINT0/CLKO/ICP1)PB0" type="BiDi"/>
        <pin num="13" name="(PCINT1/OC1A)PB1" type="BiDi"/>
        <pin num="14" name="(PCINT2/OC1B/~SS~)PB2" type="BiDi"/>
        <pin num="15" name="(PCINT3/OC2A/MOSI)PB3" type="BiDi"/>
        <pin num="16" name="(PCINT4/MISO)PB4" type="BiDi"/>
        <pin num="17" name="(PCINT5/SCK)PB5" type="BiDi"/>
        <pin num="18" name="AVCC" type="power_in"/>
        <pin num="19" name="ADC6" type="input"/>
        <pin num="20" name="AREF" type="BiDi"/>
        <pin num="21" name="GND" type="power_in"/>
        <pin num="22" name="ADC7" type="input"/>
        <pin num="23" name="(PCINT8/ADC0)PC0" type="BiDi"/>
        <pin num="24" name="(PCINT9/ADC1)PC1" type="BiDi"/>
        <pin num="25" name="(PCINT10/ADC2)PC2" type="BiDi"/>
        <pin num="26" name="(PCINT11/ADC3)PC3" type="BiDi"/>
        <pin num="27" name="(PCINT12/SDA/ADC4)PC4" type="BiDi"/>
        <pin num="28" name="(PCINT13/SCL/ADC5)PC5" type="BiDi"/>
        <pin num="29" name="(PCINT14/~RESET~)PC6" type="BiDi"/>
        <pin num="30" name="(PCINT16/RXD)PD0" type="BiDi"/>
        <pin num="31" name="(PCINT17/TXD)PD1" type="BiDi"/>
        <pin num="32" name="(PCINT18/INT0)PD2" type="BiDi"/>
      </pins>
    </libpart>
    <libpart lib="atmel" part="AVR-ISP-6">
      <description>Standard IDC6 Male Connector, ATMEL ISP 6pin</description>
      <fields>
        <field name="Reference">CON</field>
        <field name="Value">AVR-ISP-6</field>
        <field name="Footprint">AVR-ISP-6</field>
      </fields>
      <pins>
        <pin num="1" name="~" type="passive"/>
        <pin num="2" name="~" type="passive"/>
        <pin num="3" name="~" type="passive"/>
        <pin num="4" name="~" type="passive"/>
        <pin num="5" name="~" type="passive"/>
        <pin num="6" name="~" type="passive"/>
      </pins>
    </libpart>
    <libpart lib="device" part="C">
      <description>Unpolarized capacitor</description>
      <footprints>
        <fp>C_*</fp>
      </footprints>
      <fields>
        <field name="Reference">C</field>
        <field name="Value">C</field>
      </fields>
      <pins>
        <pin num="1" name="~" type="passive"/>
        <pin num="2" name="~" type="passive"/>
      </pins>
    </libpart>
    <libpart lib="Custom" part="CBT3244AD">
      <description>Octal bus switch with quad output enables</description>
      <fields>
        <field name="Reference">U</field>
        <field name="Value">CBT3244AD</field>
        <field name="Footprint">Housings_SOIC:SOIC-20W_7.5x12.8mm_Pitch1.27mm</field>
      </fields>
      <pins>
        <pin num="1" name="1OE#" type="input"/>
        <pin num="2" name="1A1" type="input"/>
        <pin num="3" name="2B4" type="3state"/>
        <pin num="4" name="1A2" type="input"/>
        <pin num="5" name="2B3" type="3state"/>
        <pin num="6" name="1A3" type="input"/>
        <pin num="7" name="2B2" type="3state"/>
        <pin num="8" name="1A4" type="input"/>
        <pin num="9" name="2B1" type="3state"/>
        <pin num="10" name="GND" type="power_in"/>
        <pin num="11" name="2A1" type="input"/>
        <pin num="12" name="1B4" type="3state"/>
        <pin num="13" name="2A2" type="input"/>
        <pin num="14" name="1B3" type="3state"/>
        <pin num="15" name="2A3" type="input"/>
        <pin num="16" name="1B2" type="3state"/>
        <pin num="17" name="2A4" type="input"/>
        <pin num="18" name="1B1" type="3state"/>
        <pin num="19" name="2OE#" type="input"/>
        <pin num="20" name="Vcc" type="power_in"/>
      </pins>
    </libpart>
    <libpart lib="device" part="CP">
      <description>Polarised capacitor</description>
      <footprints>
        <fp>CP_*</fp>
      </footprints>
      <fields>
        <field name="Reference">C</field>
        <field name="Value">CP</field>
      </fields>
      <pins>
        <pin num="1" name="~" type="passive"/>
        <pin num="2" name="~" type="passive"/>
      </pins>
    </libpart>
    <libpart lib="device" part="Crystal">
      <description>Two pin crystal</description>
      <footprints>
        <fp>Crystal*</fp>
      </footprints>
      <fields>
        <field name="Reference">Y</field>
        <field name="Value">Crystal</field>
      </fields>
      <pins>
        <pin num="1" name="1" type="passive"/>
        <pin num="2" name="2" type="passive"/>
      </pins>
    </libpart>
    <libpart lib="device" part="LED">
      <description>LED generic</description>
      <footprints>
        <fp>LED*</fp>
      </footprints>
      <fields>
        <field name="Reference">D</field>
        <field name="Value">LED</field>
      </fields>
      <pins>
        <pin num="1" name="K" type="passive"/>
        <pin num="2" name="A" type="passive"/>
      </pins>
    </libpart>
    <libpart lib="Custom" part="MAX7461">
      <description>Complete LOS Alarm Stand-Alone Solution, SOT23-5</description>
      <docs>https://datasheets.maximintegrated.com/en/ds/MAX7461.pdf</docs>
      <footprints>
        <fp>SOT?23*</fp>
      </footprints>
      <fields>
        <field name="Reference">U</field>
        <field name="Value">MAX7461</field>
        <field name="Footprint">TO_SOT_Packages_SMD:SOT-23-5</field>
      </fields>
      <pins>
        <pin num="1" name="IN" type="input"/>
        <pin num="2" name="GND" type="power_in"/>
        <pin num="3" name="GND" type="power_in"/>
        <pin num="4" name="LOS#" type="output"/>
        <pin num="5" name="VCC" type="power_in"/>
      </pins>
    </libpart>
    <libpart lib="Custom" part="MicroUSB">
      <description>USB mini/micro connector</description>
      <footprints>
        <fp>USB*</fp>
      </footprints>
      <fields>
        <field name="Reference">J</field>
        <field name="Value">MicroUSB</field>
      </fields>
      <pins>
        <pin num="1" name="VBUS" type="power_out"/>
        <pin num="2" name="D-" type="passive"/>
        <pin num="3" name="D+" type="passive"/>
        <pin num="4" name="ID" type="passive"/>
        <pin num="5" name="GND" type="power_in"/>
        <pin num="6" name="Shield" type="passive"/>
      </pins>
    </libpart>
    <libpart lib="device" part="Polyfuse">
      <description>resettable fuse, polymeric positive temperature coefficient (PPTC)</description>
      <footprints>
        <fp>*polyfuse*</fp>
        <fp>*PTC*</fp>
      </footprints>
      <fields>
        <field name="Reference">F</field>
        <field name="Value">Polyfuse</field>
      </fields>
      <pins>
        <pin num="1" name="~" type="passive"/>
        <pin num="2" name="~" type="passive"/>
      </pins>
    </libpart>
    <libpart lib="device" part="R">
      <description>Resistor</description>
      <footprints>
        <fp>R_*</fp>
        <fp>R_*</fp>
      </footprints>
      <fields>
        <field name="Reference">R</field>
        <field name="Value">R</field>
      </fields>
      <pins>
        <pin num="1" name="~" type="passive"/>
        <pin num="2" name="~" type="passive"/>
      </pins>
    </libpart>
    <libpart lib="conn" part="SCART-F">
      <description>Prise Peritel</description>
      <fields>
        <field name="Reference">J</field>
        <field name="Value">SCART-F</field>
      </fields>
      <pins>
        <pin num="1" name="P1" type="passive"/>
        <pin num="2" name="P2" type="passive"/>
        <pin num="3" name="P3" type="passive"/>
        <pin num="4" name="P4" type="passive"/>
        <pin num="5" name="P5" type="passive"/>
        <pin num="6" name="P6" type="passive"/>
        <pin num="7" name="P7" type="passive"/>
        <pin num="8" name="P8" type="passive"/>
        <pin num="9" name="P9" type="passive"/>
        <pin num="10" name="P10" type="passive"/>
        <pin num="11" name="P11" type="passive"/>
        <pin num="12" name="P12" type="passive"/>
        <pin num="13" name="P13" type="passive"/>
        <pin num="14" name="P14" type="passive"/>
        <pin num="15" name="P15" type="passive"/>
        <pin num="16" name="P16" type="passive"/>
        <pin num="17" name="P17" type="passive"/>
        <pin num="18" name="P18" type="passive"/>
        <pin num="19" name="P19" type="passive"/>
        <pin num="20" name="P20" type="passive"/>
        <pin num="21" name="P21" type="passive"/>
      </pins>
    </libpart>
    <libpart lib="Custom" part="SH1106_IIC">
      <fields>
        <field name="Reference">OLED</field>
        <field name="Value">SH1106_IIC</field>
      </fields>
      <pins>
        <pin num="1" name="GND" type="power_in"/>
        <pin num="2" name="VCC" type="power_in"/>
        <pin num="3" name="SCL" type="input"/>
        <pin num="4" name="SDA" type="BiDi"/>
      </pins>
    </libpart>
    <libpart lib="switches" part="SW_Push">
      <description>Push button switch, generic, two pins</description>
      <fields>
        <field name="Reference">SW</field>
        <field name="Value">SW_Push</field>
      </fields>
      <pins>
        <pin num="1" name="1" type="passive"/>
        <pin num="2" name="2" type="passive"/>
      </pins>
    </libpart>
    <libpart lib="switches" part="SW_Push_Dual">
      <description>Push button switch, generic, symbol, four pins</description>
      <fields>
        <field name="Reference">SW</field>
        <field name="Value">SW_Push_Dual</field>
      </fields>
      <pins>
        <pin num="1" name="1" type="passive"/>
        <pin num="2" name="2" type="passive"/>
        <pin num="3" name="3" type="passive"/>
        <pin num="4" name="4" type="passive"/>
      </pins>
    </libpart>
    <libpart lib="switches" part="SW_SPDT">
      <description>Switch, single pole double throw</description>
      <fields>
        <field name="Reference">SW</field>
        <field name="Value">SW_SPDT</field>
      </fields>
      <pins>
        <pin num="1" name="A" type="passive"/>
        <pin num="2" name="B" type="passive"/>
        <pin num="3" name="C" type="passive"/>
      </pins>
    </libpart>
  </libparts>
  <libraries>
    <library logical="Custom">
      <uri>C:\Users\pcm\OneDrive\Projects\Switch v2\KiCAD-SD\Custom.lib</uri>
    </library>
    <library logical="switches">
      <uri>C:\Program Files\KiCad\share\kicad\library\switches.lib</uri>
    </library>
    <library logical="device">
      <uri>C:\Program Files\KiCad\share\kicad\library\device.lib</uri>
    </library>
    <library logical="conn">
      <uri>C:\Program Files\KiCad\share\kicad\library\conn.lib</uri>
    </library>
    <library logical="atmel">
      <uri>C:\Program Files\KiCad\share\kicad\library\atmel.lib</uri>
    </library>
  </libraries>
  <nets>
    <net code="1" name="Net-(SD1-Pad1)">
      <node ref="SD1" pin="1"/>
      <node ref="SD_C1" pin="2"/>
    </net>
    <net code="2" name="BUS_S">
      <node ref="SW4" pin="18"/>
      <node ref="SW2" pin="18"/>
      <node ref="SC5" pin="20"/>
      <node ref="SW1" pin="18"/>
      <node ref="SD_C1" pin="1"/>
      <node ref="SW3" pin="18"/>
    </net>
    <net code="3" name="SD_LOS">
      <node ref="U1" pin="9"/>
      <node ref="SD_R2" pin="1"/>
      <node ref="SD1" pin="4"/>
    </net>
    <net code="4" name="Net-(U1-Pad10)">
      <node ref="U1" pin="10"/>
    </net>
    <net code="5" name="Net-(U1-Pad11)">
      <node ref="U1" pin="11"/>
    </net>
    <net code="6" name="Net-(U1-Pad12)">
      <node ref="U1" pin="12"/>
    </net>
    <net code="7" name="Net-(F1-Pad2)">
      <node ref="F1" pin="2"/>
      <node ref="PWR_SW1" pin="2"/>
    </net>
    <net code="8" name="Net-(U1-Pad22)">
      <node ref="U1" pin="22"/>
    </net>
    <net code="9" name="Net-(U1-Pad19)">
      <node ref="U1" pin="19"/>
    </net>
    <net code="10" name="Net-(U1-Pad13)">
      <node ref="U1" pin="13"/>
    </net>
    <net code="11" name="Net-(U1-Pad14)">
      <node ref="U1" pin="14"/>
    </net>
    <net code="12" name="Net-(PWR_SW1-Pad3)">
      <node ref="PWR_SW1" pin="3"/>
      <node ref="USB_PWR1" pin="1"/>
    </net>
    <net code="13" name="Net-(USB_PWR1-Pad2)">
      <node ref="USB_PWR1" pin="2"/>
    </net>
    <net code="14" name="Net-(USB_PWR1-Pad3)">
      <node ref="USB_PWR1" pin="3"/>
    </net>
    <net code="15" name="Net-(USB_PWR1-Pad4)">
      <node ref="USB_PWR1" pin="4"/>
    </net>
    <net code="16" name="Net-(PWR_SW1-Pad1)">
      <node ref="PWR_SW1" pin="1"/>
    </net>
    <net code="17" name="Net-(SC4-Pad20)">
      <node ref="SW4" pin="2"/>
      <node ref="SC4" pin="20"/>
    </net>
    <net code="18" name="Net-(SC4-Pad15)">
      <node ref="SC4" pin="15"/>
      <node ref="SW4" pin="4"/>
    </net>
    <net code="19" name="Net-(SC4-Pad11)">
      <node ref="SC4" pin="11"/>
      <node ref="SW4" pin="6"/>
    </net>
    <net code="20" name="Net-(SC4-Pad7)">
      <node ref="SC4" pin="7"/>
      <node ref="SW4" pin="8"/>
    </net>
    <net code="21" name="Net-(SC4C2-Pad2)">
      <node ref="SW4" pin="13"/>
      <node ref="SC4C2" pin="2"/>
      <node ref="SC4R2" pin="2"/>
    </net>
    <net code="22" name="Net-(SC3C2-Pad2)">
      <node ref="SC3C2" pin="2"/>
      <node ref="SW3" pin="13"/>
      <node ref="SC3R2" pin="2"/>
    </net>
    <net code="23" name="Net-(SC3-Pad20)">
      <node ref="SW3" pin="2"/>
      <node ref="SC3" pin="20"/>
    </net>
    <net code="24" name="I2C_SCL">
      <node ref="OLED1" pin="3"/>
      <node ref="U1" pin="28"/>
      <node ref="I2C_R2" pin="1"/>
    </net>
    <net code="25" name="SCK">
      <node ref="LED_R2" pin="1"/>
      <node ref="ISP1" pin="3"/>
      <node ref="U1" pin="17"/>
    </net>
    <net code="26" name="Net-(D2-Pad2)">
      <node ref="D2" pin="2"/>
      <node ref="LED_R2" pin="2"/>
    </net>
    <net code="27" name="MISO">
      <node ref="ISP1" pin="1"/>
      <node ref="U1" pin="16"/>
    </net>
    <net code="28" name="I2C_SDA">
      <node ref="U1" pin="27"/>
      <node ref="I2C_R1" pin="1"/>
      <node ref="OLED1" pin="4"/>
    </net>
    <net code="29" name="Net-(AVR_C3-Pad1)">
      <node ref="U1" pin="20"/>
      <node ref="AVR_C3" pin="1"/>
    </net>
    <net code="30" name="SW4C">
      <node ref="SW4" pin="19"/>
      <node ref="SC4R3" pin="2"/>
      <node ref="SW4" pin="1"/>
      <node ref="U1" pin="26"/>
    </net>
    <net code="31" name="B_IN1">
      <node ref="B_R2" pin="1"/>
      <node ref="U1" pin="30"/>
      <node ref="B2" pin="1"/>
      <node ref="B2" pin="3"/>
    </net>
    <net code="32" name="B_IN2">
      <node ref="B_R3" pin="1"/>
      <node ref="U1" pin="31"/>
      <node ref="B3" pin="1"/>
      <node ref="B3" pin="3"/>
    </net>
    <net code="33" name="B_IN3">
      <node ref="B_R4" pin="1"/>
      <node ref="U1" pin="1"/>
      <node ref="B4" pin="1"/>
      <node ref="B4" pin="3"/>
    </net>
    <net code="34" name="B_IN4">
      <node ref="B5" pin="1"/>
      <node ref="B_R5" pin="1"/>
      <node ref="B5" pin="3"/>
      <node ref="U1" pin="2"/>
    </net>
    <net code="35" name="SW1C">
      <node ref="SC1R3" pin="2"/>
      <node ref="U1" pin="23"/>
      <node ref="SW1" pin="1"/>
      <node ref="SW1" pin="19"/>
    </net>
    <net code="36" name="SW2C">
      <node ref="SW2" pin="1"/>
      <node ref="SW2" pin="19"/>
      <node ref="U1" pin="24"/>
      <node ref="SC2R3" pin="2"/>
    </net>
    <net code="37" name="SW3C">
      <node ref="SC3R3" pin="2"/>
      <node ref="SW3" pin="1"/>
      <node ref="SW3" pin="19"/>
      <node ref="U1" pin="25"/>
    </net>
    <net code="38" name="Net-(SC1-Pad7)">
      <node ref="SC1" pin="7"/>
      <node ref="SW1" pin="8"/>
    </net>
    <net code="39" name="Net-(SC3C1-Pad2)">
      <node ref="SC3C1" pin="2"/>
      <node ref="SW3" pin="11"/>
      <node ref="SC3R1" pin="2"/>
    </net>
    <net code="40" name="Net-(SC4C1-Pad2)">
      <node ref="SW4" pin="11"/>
      <node ref="SC4R1" pin="2"/>
      <node ref="SC4C1" pin="2"/>
    </net>
    <net code="41" name="BUS_AL">
      <node ref="SW1" pin="7"/>
      <node ref="SW4" pin="7"/>
      <node ref="SW2" pin="7"/>
      <node ref="BUS_L_C1" pin="2"/>
      <node ref="SW3" pin="7"/>
    </net>
    <net code="42" name="BUS_AR">
      <node ref="SW2" pin="9"/>
      <node ref="SW1" pin="9"/>
      <node ref="SW3" pin="9"/>
      <node ref="BUS_R_C1" pin="2"/>
      <node ref="SW4" pin="9"/>
    </net>
    <net code="43" name="Net-(SC2C1-Pad2)">
      <node ref="SW2" pin="11"/>
      <node ref="SC2C1" pin="2"/>
      <node ref="SC2R1" pin="2"/>
    </net>
    <net code="44" name="GND">
      <node ref="SC2" pin="18"/>
      <node ref="SC2" pin="17"/>
      <node ref="SC2" pin="13"/>
      <node ref="SC2" pin="21"/>
      <node ref="SC2" pin="9"/>
      <node ref="SC3" pin="17"/>
      <node ref="SC2" pin="5"/>
      <node ref="SC2" pin="4"/>
      <node ref="SW4" pin="10"/>
      <node ref="SW2" pin="10"/>
      <node ref="SC3" pin="13"/>
      <node ref="SC3" pin="18"/>
      <node ref="SC4" pin="4"/>
      <node ref="SC4" pin="5"/>
      <node ref="SC4" pin="9"/>
      <node ref="SC4" pin="21"/>
      <node ref="SC4" pin="13"/>
      <node ref="SC4" pin="17"/>
      <node ref="BUS_L_R1" pin="1"/>
      <node ref="SC1" pin="13"/>
      <node ref="BUS_R_R1" pin="2"/>
      <node ref="SC4" pin="18"/>
      <node ref="SC1" pin="21"/>
      <node ref="SC1" pin="9"/>
      <node ref="SC1" pin="5"/>
      <node ref="SC1" pin="4"/>
      <node ref="V2C1" pin="1"/>
      <node ref="V2R1" pin="2"/>
      <node ref="OLED1" pin="1"/>
      <node ref="B1" pin="4"/>
      <node ref="B1" pin="2"/>
      <node ref="ISP1" pin="6"/>
      <node ref="SC1" pin="17"/>
      <node ref="SC1" pin="18"/>
      <node ref="AVR_C3" pin="2"/>
      <node ref="SC3" pin="21"/>
      <node ref="AVR_C1" pin="1"/>
      <node ref="SC3" pin="9"/>
      <node ref="SC3" pin="5"/>
      <node ref="SC3" pin="4"/>
      <node ref="AVR_C2" pin="1"/>
      <node ref="PC2" pin="2"/>
      <node ref="SW3" pin="10"/>
      <node ref="D1" pin="1"/>
      <node ref="SC5" pin="18"/>
      <node ref="SC5" pin="21"/>
      <node ref="SC5" pin="4"/>
      <node ref="SC5" pin="5"/>
      <node ref="SW1" pin="10"/>
      <node ref="SC5" pin="9"/>
      <node ref="SC5" pin="13"/>
      <node ref="SC5" pin="17"/>
      <node ref="RESET1" pin="2"/>
      <node ref="U1" pin="3"/>
      <node ref="U1" pin="5"/>
      <node ref="U1" pin="21"/>
      <node ref="B4" pin="4"/>
      <node ref="B5" pin="2"/>
      <node ref="B5" pin="4"/>
      <node ref="SC4C3" pin="1"/>
      <node ref="SD1" pin="2"/>
      <node ref="SD1" pin="3"/>
      <node ref="SD_C2" pin="1"/>
      <node ref="USB_PWR1" pin="5"/>
      <node ref="USB_PWR1" pin="6"/>
      <node ref="SC1C3" pin="1"/>
      <node ref="SC2C3" pin="1"/>
      <node ref="SC3C3" pin="1"/>
      <node ref="D2" pin="1"/>
      <node ref="PC1" pin="2"/>
      <node ref="B2" pin="2"/>
      <node ref="B2" pin="4"/>
      <node ref="B3" pin="2"/>
      <node ref="B3" pin="4"/>
      <node ref="B4" pin="2"/>
    </net>
    <net code="45" name="+5V">
      <node ref="SC5" pin="8"/>
      <node ref="B_R4" pin="2"/>
      <node ref="B_R3" pin="2"/>
      <node ref="B_R5" pin="2"/>
      <node ref="B_R2" pin="2"/>
      <node ref="SW1" pin="20"/>
      <node ref="U1" pin="6"/>
      <node ref="V2R2" pin="1"/>
      <node ref="PC2" pin="1"/>
      <node ref="F1" pin="1"/>
      <node ref="U1" pin="4"/>
      <node ref="B_R1" pin="2"/>
      <node ref="I2C_R2" pin="2"/>
      <node ref="OLED1" pin="2"/>
      <node ref="I2C_R1" pin="2"/>
      <node ref="ISP1" pin="2"/>
      <node ref="SC1R3" pin="1"/>
      <node ref="SD_C2" pin="2"/>
      <node ref="SW4" pin="20"/>
      <node ref="SC2R3" pin="1"/>
      <node ref="SC3R3" pin="1"/>
      <node ref="SC4C3" pin="2"/>
      <node ref="SC3C3" pin="2"/>
      <node ref="SW3" pin="20"/>
      <node ref="SC2C3" pin="2"/>
      <node ref="SC1C3" pin="2"/>
      <node ref="SW2" pin="20"/>
      <node ref="SD_R2" pin="2"/>
      <node ref="SC4R3" pin="1"/>
      <node ref="LED_R1" pin="1"/>
      <node ref="PC1" pin="1"/>
      <node ref="AVR_R1" pin="1"/>
      <node ref="SD1" pin="5"/>
      <node ref="SC5_R1" pin="1"/>
      <node ref="U1" pin="18"/>
    </net>
    <net code="46" name="Net-(SC3-Pad11)">
      <node ref="SW3" pin="6"/>
      <node ref="SC3" pin="11"/>
    </net>
    <net code="47" name="Net-(SC1-Pad11)">
      <node ref="SW1" pin="6"/>
      <node ref="SC1" pin="11"/>
    </net>
    <net code="48" name="Net-(SC1-Pad15)">
      <node ref="SW1" pin="4"/>
      <node ref="SC1" pin="15"/>
    </net>
    <net code="49" name="Net-(SC2-Pad7)">
      <node ref="SW2" pin="8"/>
      <node ref="SC2" pin="7"/>
    </net>
    <net code="50" name="Net-(SC2-Pad11)">
      <node ref="SC2" pin="11"/>
      <node ref="SW2" pin="6"/>
    </net>
    <net code="51" name="Net-(SC2-Pad15)">
      <node ref="SC2" pin="15"/>
      <node ref="SW2" pin="4"/>
    </net>
    <net code="52" name="Net-(SC3-Pad7)">
      <node ref="SW3" pin="8"/>
      <node ref="SC3" pin="7"/>
    </net>
    <net code="53" name="Net-(SC3-Pad15)">
      <node ref="SW3" pin="4"/>
      <node ref="SC3" pin="15"/>
    </net>
    <net code="54" name="Net-(SC1C1-Pad2)">
      <node ref="SC1R1" pin="2"/>
      <node ref="SC1C1" pin="2"/>
      <node ref="SW1" pin="11"/>
    </net>
    <net code="55" name="Net-(SC1C2-Pad2)">
      <node ref="SC1C2" pin="2"/>
      <node ref="SC1R2" pin="2"/>
      <node ref="SW1" pin="13"/>
    </net>
    <net code="56" name="Net-(SC1-Pad20)">
      <node ref="SC1" pin="20"/>
      <node ref="SW1" pin="2"/>
    </net>
    <net code="57" name="V2">
      <node ref="SC4R1" pin="1"/>
      <node ref="SC2R2" pin="1"/>
      <node ref="SC3R1" pin="1"/>
      <node ref="SC3R2" pin="1"/>
      <node ref="V2R1" pin="1"/>
      <node ref="V2C1" pin="2"/>
      <node ref="SC4R2" pin="1"/>
      <node ref="SC1R2" pin="1"/>
      <node ref="V2R2" pin="2"/>
      <node ref="SC2R1" pin="1"/>
      <node ref="SC1R1" pin="1"/>
    </net>
    <net code="58" name="Net-(SC2C2-Pad2)">
      <node ref="SW2" pin="13"/>
      <node ref="SC2R2" pin="2"/>
      <node ref="SC2C2" pin="2"/>
    </net>
    <net code="59" name="Net-(SC2-Pad20)">
      <node ref="SC2" pin="20"/>
      <node ref="SW2" pin="2"/>
    </net>
    <net code="60" name="Net-(D1-Pad2)">
      <node ref="D1" pin="2"/>
      <node ref="LED_R1" pin="2"/>
    </net>
    <net code="61" name="MOSI">
      <node ref="U1" pin="15"/>
      <node ref="ISP1" pin="4"/>
    </net>
    <net code="62" name="Net-(SC2-Pad19)">
      <node ref="SC2" pin="19"/>
    </net>
    <net code="63" name="Net-(SC2-Pad8)">
      <node ref="SC2" pin="8"/>
    </net>
    <net code="64" name="Net-(SC2-Pad10)">
      <node ref="SC2" pin="10"/>
    </net>
    <net code="65" name="Net-(SC2-Pad12)">
      <node ref="SC2" pin="12"/>
    </net>
    <net code="66" name="Net-(SC2-Pad14)">
      <node ref="SC2" pin="14"/>
    </net>
    <net code="67" name="Net-(SC2-Pad16)">
      <node ref="SC2" pin="16"/>
    </net>
    <net code="68" name="Net-(SC2-Pad6)">
      <node ref="SC2" pin="6"/>
      <node ref="SC2C2" pin="1"/>
    </net>
    <net code="69" name="Net-(SW2-Pad3)">
      <node ref="SW2" pin="3"/>
    </net>
    <net code="70" name="Net-(SW2-Pad5)">
      <node ref="SW2" pin="5"/>
    </net>
    <net code="71" name="BUS_B">
      <node ref="SW3" pin="12"/>
      <node ref="SW1" pin="12"/>
      <node ref="SW2" pin="12"/>
      <node ref="SC5" pin="7"/>
      <node ref="SW4" pin="12"/>
    </net>
    <net code="72" name="BUS_G">
      <node ref="SW4" pin="14"/>
      <node ref="SC5" pin="11"/>
      <node ref="SW1" pin="14"/>
      <node ref="SW3" pin="14"/>
      <node ref="SW2" pin="14"/>
    </net>
    <net code="73" name="Net-(SW2-Pad15)">
      <node ref="SW2" pin="15"/>
    </net>
    <net code="74" name="BUS_R">
      <node ref="SW3" pin="16"/>
      <node ref="SC5" pin="15"/>
      <node ref="SW1" pin="16"/>
      <node ref="SW4" pin="16"/>
      <node ref="SW2" pin="16"/>
    </net>
    <net code="75" name="Net-(SW2-Pad17)">
      <node ref="SW2" pin="17"/>
    </net>
    <net code="76" name="Net-(SC2-Pad1)">
      <node ref="SC2" pin="1"/>
    </net>
    <net code="77" name="Net-(SC2-Pad2)">
      <node ref="SC2C1" pin="1"/>
      <node ref="SC2" pin="2"/>
    </net>
    <net code="78" name="Net-(SC2-Pad3)">
      <node ref="SC2" pin="3"/>
    </net>
    <net code="79" name="Net-(SW3-Pad15)">
      <node ref="SW3" pin="15"/>
    </net>
    <net code="80" name="Net-(SW3-Pad17)">
      <node ref="SW3" pin="17"/>
    </net>
    <net code="81" name="Net-(SW3-Pad5)">
      <node ref="SW3" pin="5"/>
    </net>
    <net code="82" name="Net-(SC3-Pad1)">
      <node ref="SC3" pin="1"/>
    </net>
    <net code="83" name="Net-(SC3-Pad2)">
      <node ref="SC3" pin="2"/>
      <node ref="SC3C1" pin="1"/>
    </net>
    <net code="84" name="Net-(SC3-Pad3)">
      <node ref="SC3" pin="3"/>
    </net>
    <net code="85" name="Net-(SC3-Pad6)">
      <node ref="SC3" pin="6"/>
      <node ref="SC3C2" pin="1"/>
    </net>
    <net code="86" name="Net-(SC3-Pad8)">
      <node ref="SC3" pin="8"/>
    </net>
    <net code="87" name="Net-(SC3-Pad10)">
      <node ref="SC3" pin="10"/>
    </net>
    <net code="88" name="Net-(SW3-Pad3)">
      <node ref="SW3" pin="3"/>
    </net>
    <net code="89" name="Net-(SC1-Pad2)">
      <node ref="SC1" pin="2"/>
      <node ref="SC1C1" pin="1"/>
    </net>
    <net code="90" name="Net-(SW1-Pad15)">
      <node ref="SW1" pin="15"/>
    </net>
    <net code="91" name="Net-(SW1-Pad17)">
      <node ref="SW1" pin="17"/>
    </net>
    <net code="92" name="Net-(SC1-Pad1)">
      <node ref="SC1" pin="1"/>
    </net>
    <net code="93" name="Net-(SC1-Pad3)">
      <node ref="SC1" pin="3"/>
    </net>
    <net code="94" name="Net-(SC1-Pad6)">
      <node ref="SC1C2" pin="1"/>
      <node ref="SC1" pin="6"/>
    </net>
    <net code="95" name="Net-(SC1-Pad8)">
      <node ref="SC1" pin="8"/>
    </net>
    <net code="96" name="Net-(SC1-Pad10)">
      <node ref="SC1" pin="10"/>
    </net>
    <net code="97" name="Net-(SC1-Pad12)">
      <node ref="SC1" pin="12"/>
    </net>
    <net code="98" name="Net-(SC1-Pad14)">
      <node ref="SC1" pin="14"/>
    </net>
    <net code="99" name="Net-(AVR_C2-Pad2)">
      <node ref="U1" pin="7"/>
      <node ref="AVR_C2" pin="2"/>
      <node ref="Y1" pin="2"/>
    </net>
    <net code="100" name="B_OFF">
      <node ref="U1" pin="32"/>
      <node ref="B1" pin="3"/>
      <node ref="B_R1" pin="1"/>
      <node ref="B1" pin="1"/>
    </net>
    <net code="101" name="Net-(SW1-Pad3)">
      <node ref="SW1" pin="3"/>
    </net>
    <net code="102" name="Net-(SW1-Pad5)">
      <node ref="SW1" pin="5"/>
    </net>
    <net code="103" name="Net-(SC1-Pad19)">
      <node ref="SC1" pin="19"/>
    </net>
    <net code="104" name="Net-(SC1-Pad16)">
      <node ref="SC1" pin="16"/>
    </net>
    <net code="105" name="Net-(SC3-Pad12)">
      <node ref="SC3" pin="12"/>
    </net>
    <net code="106" name="Net-(SC5-Pad3)">
      <node ref="SC5" pin="3"/>
    </net>
    <net code="107" name="Net-(SC5-Pad1)">
      <node ref="SC5" pin="1"/>
    </net>
    <net code="108" name="Net-(SC5-Pad10)">
      <node ref="SC5" pin="10"/>
    </net>
    <net code="109" name="Net-(SC5-Pad12)">
      <node ref="SC5" pin="12"/>
    </net>
    <net code="110" name="Net-(SC5-Pad14)">
      <node ref="SC5" pin="14"/>
    </net>
    <net code="111" name="Net-(SC5-Pad19)">
      <node ref="SC5" pin="19"/>
    </net>
    <net code="112" name="Net-(BUS_R_C1-Pad1)">
      <node ref="SC5" pin="2"/>
      <node ref="BUS_R_R1" pin="1"/>
      <node ref="BUS_R_C1" pin="1"/>
    </net>
    <net code="113" name="Net-(BUS_L_C1-Pad1)">
      <node ref="BUS_L_R1" pin="2"/>
      <node ref="BUS_L_C1" pin="1"/>
      <node ref="SC5" pin="6"/>
    </net>
    <net code="114" name="Net-(SW4-Pad17)">
      <node ref="SW4" pin="17"/>
    </net>
    <net code="115" name="Net-(SW4-Pad15)">
      <node ref="SW4" pin="15"/>
    </net>
    <net code="116" name="Net-(SC4-Pad8)">
      <node ref="SC4" pin="8"/>
    </net>
    <net code="117" name="Net-(SC5-Pad16)">
      <node ref="SC5" pin="16"/>
      <node ref="SC5_R1" pin="2"/>
    </net>
    <net code="118" name="Net-(SW4-Pad5)">
      <node ref="SW4" pin="5"/>
    </net>
    <net code="119" name="RESET">
      <node ref="ISP1" pin="5"/>
      <node ref="RESET1" pin="1"/>
      <node ref="AVR_R1" pin="2"/>
      <node ref="U1" pin="29"/>
    </net>
    <net code="120" name="Net-(SC3-Pad19)">
      <node ref="SC3" pin="19"/>
    </net>
    <net code="121" name="Net-(SC3-Pad16)">
      <node ref="SC3" pin="16"/>
    </net>
    <net code="122" name="Net-(SC3-Pad14)">
      <node ref="SC3" pin="14"/>
    </net>
    <net code="123" name="Net-(SC4-Pad2)">
      <node ref="SC4" pin="2"/>
      <node ref="SC4C1" pin="1"/>
    </net>
    <net code="124" name="Net-(SC4-Pad6)">
      <node ref="SC4" pin="6"/>
      <node ref="SC4C2" pin="1"/>
    </net>
    <net code="125" name="Net-(SW4-Pad3)">
      <node ref="SW4" pin="3"/>
    </net>
    <net code="126" name="Net-(SC4-Pad19)">
      <node ref="SC4" pin="19"/>
    </net>
    <net code="127" name="Net-(SC4-Pad1)">
      <node ref="SC4" pin="1"/>
    </net>
    <net code="128" name="Net-(SC4-Pad3)">
      <node ref="SC4" pin="3"/>
    </net>
    <net code="129" name="Net-(SC4-Pad16)">
      <node ref="SC4" pin="16"/>
    </net>
    <net code="130" name="Net-(SC4-Pad14)">
      <node ref="SC4" pin="14"/>
    </net>
    <net code="131" name="Net-(SC4-Pad12)">
      <node ref="SC4" pin="12"/>
    </net>
    <net code="132" name="Net-(SC4-Pad10)">
      <node ref="SC4" pin="10"/>
    </net>
    <net code="133" name="Net-(AVR_C1-Pad2)">
      <node ref="AVR_C1" pin="2"/>
      <node ref="U1" pin="8"/>
      <node ref="Y1" pin="1"/>
    </net>
  </nets>
</export>
